,City,Latitude,Longitude,Max Temp,Humidity,Cloudiness,Wind Speed,Country,Date
0,Berlevåg,70.86,29.09,50.0,66,64,23.04,NO,1591991156
1,Ushuaia,-54.8,-68.3,33.8,86,75,24.16,AR,1591991156
2,Rikitea,-23.12,-134.97,75.6,80,11,19.93,PF,1591991156
3,Mar del Plata,-38.0,-57.56,62.6,45,11,10.29,AR,1591990823
4,Mataura,-46.19,168.86,39.0,90,27,5.01,NZ,1591991157
5,Grand Gaube,-20.01,57.66,70.0,84,1,3.0,MU,1591990821
6,Corrales,35.24,-106.61,89.01,34,5,5.99,US,1591991157
7,San Cristobal,7.77,-72.22,89.6,55,40,11.41,VE,1591990839
8,Hermanus,-34.42,19.23,53.01,76,85,12.26,ZA,1591991157
9,Bambous Virieux,-20.34,57.76,70.0,88,75,8.05,MU,1591990815
10,Sandovo,58.46,36.41,52.43,75,15,7.0,RU,1591991157
11,Novonukutskiy,53.7,102.71,48.2,84,0,3.6,RU,1591991157
12,Petropavlovskoye,52.07,84.11,57.85,84,0,6.02,RU,1591991157
13,Vaini,-21.2,-175.2,69.8,68,40,11.41,TO,1591991157
14,Vestmanna,62.16,-7.17,48.2,81,12,5.82,FO,1591990839
15,Saldanha,-33.01,17.94,48.2,87,0,1.12,ZA,1591991157
16,Esna,25.29,32.55,95.0,21,0,4.7,EG,1591990813
17,Tamiahua,21.27,-97.45,83.39,69,10,17.52,MX,1591991157
18,Korčula,42.96,17.14,68.4,76,48,9.4,HR,1591991158
19,Esim,4.87,-2.24,78.8,86,81,13.13,GH,1591991158
20,Port Elizabeth,-33.92,25.57,53.6,58,0,10.29,ZA,1591990811
21,Ciudad Bolivar,8.12,-63.55,95.74,34,88,4.56,VE,1591990841
22,Bluff,-46.6,168.33,39.0,90,34,5.01,NZ,1591991158
23,Albany,42.6,-73.97,79.0,40,81,12.62,US,1591991158
24,Mahébourg,-20.41,57.7,69.8,88,75,8.05,MU,1591991158
25,Havelock,34.88,-76.9,77.0,83,90,3.36,US,1591990887
26,Bonga,7.28,36.23,58.87,90,100,1.05,ET,1591991159
27,Khatanga,71.97,102.5,39.36,71,98,7.7,RU,1591991159
28,Rūdbār,30.15,62.6,81.34,15,0,9.37,AF,1591991159
29,Moyo,3.66,31.72,67.87,94,100,0.56,UG,1591991159
30,Buraidah,26.33,43.98,93.2,18,0,9.17,SA,1591990816
31,Bubaque,11.28,-15.83,81.93,80,2,9.6,GW,1591991159
32,Lagoa,39.05,-27.98,63.93,81,100,10.31,PT,1591991159
33,Kapaa,22.08,-159.32,81.0,69,90,16.11,US,1591991159
34,Saint-Philippe,-21.36,55.77,71.6,60,75,5.82,RE,1591991159
35,Provideniya,64.38,-173.3,51.22,62,2,4.56,RU,1591991159
36,Deputatsky,69.3,139.9,56.03,65,83,3.33,RU,1591990849
37,Mīnāb,27.15,57.08,91.4,70,0,9.17,IR,1591991160
38,Clyde River,70.47,-68.59,32.0,94,75,13.87,CA,1591990826
39,Hong Kong,22.29,114.16,82.0,83,95,12.35,HK,1591990911
40,Kaitangata,-46.28,169.85,41.0,74,0,7.52,NZ,1591991160
41,Iqaluit,63.75,-68.51,44.6,52,75,16.11,CA,1591991094
42,Leningradskiy,69.38,178.42,49.59,71,100,8.46,RU,1591991160
43,Srednekolymsk,67.45,153.68,62.8,53,87,10.18,RU,1591990812
44,Amapá,1.0,-52.0,79.34,95,96,2.89,BR,1591990841
45,Makakilo City,21.35,-158.09,82.4,54,40,6.93,US,1591991160
46,Puerto Ayora,-0.74,-90.35,80.6,61,20,25.28,EC,1591990816
47,Cabo San Lucas,22.89,-109.91,91.4,31,5,12.75,MX,1591990823
48,Jamestown,42.1,-79.24,64.99,55,20,16.11,US,1591991161
49,Barrow,71.29,-156.79,37.4,65,75,8.05,US,1591991101
50,Port Alfred,-33.59,26.89,55.99,66,1,5.99,ZA,1591990814
51,Bethel,41.37,-73.41,82.99,36,40,13.87,US,1591991161
52,Jiazi,22.88,116.07,81.18,89,35,9.1,CN,1591991161
53,Lubango,-14.92,13.49,55.35,37,0,2.46,AO,1591991161
54,Yellowknife,62.46,-114.35,60.8,59,75,9.17,CA,1591991161
55,Saint Paul Harbor,57.79,-152.41,55.4,66,90,5.82,US,1591991161
56,São João da Barra,-21.64,-41.05,89.6,46,1,4.7,BR,1591990823
57,Punta Arenas,-53.15,-70.92,37.4,64,40,17.22,CL,1591990642
58,Castro,-24.79,-50.01,68.79,76,6,5.64,BR,1591991073
59,Cherskiy,68.75,161.3,63.88,52,100,11.27,RU,1591991162
60,Atlantic City,39.36,-74.42,86.0,30,1,9.17,US,1591991152
61,Saskylakh,71.92,114.08,41.43,68,58,10.45,RU,1591991162
62,Tuktoyaktuk,69.45,-133.04,51.8,62,75,11.41,CA,1591991162
63,Lompoc,34.64,-120.46,64.99,68,0,10.29,US,1591991162
64,Bulolo,-7.2,146.65,68.22,77,8,1.48,PG,1591991162
65,Cape Town,-33.93,18.42,54.0,87,75,8.05,ZA,1591990681
66,Bereda,43.27,-7.54,54.0,99,61,5.01,ES,1591991162
68,Nemuro,43.32,145.57,56.37,71,0,17.72,JP,1591991162
69,George Town,5.41,100.34,78.8,94,20,3.36,MY,1591991121
70,Ashland,40.82,-82.27,78.8,36,1,9.17,US,1591990843
71,Arraial do Cabo,-22.97,-42.03,80.6,78,0,5.82,BR,1591990813
72,Sobolevo,54.43,31.9,64.4,97,40,13.49,RU,1591991163
73,Egvekinot,66.32,-179.17,45.81,58,100,6.11,RU,1591990850
74,Bilibino,68.05,166.44,61.72,60,100,4.12,RU,1591991163
75,Souillac,-20.52,57.52,69.8,88,75,8.05,MU,1591991163
76,Sorsk,54.0,90.25,53.83,84,50,3.51,RU,1591991163
77,Atuona,-9.8,-139.03,81.0,79,11,23.15,PF,1591991163
78,Butaritari,3.07,172.79,82.13,78,36,14.27,KI,1591991163
79,Yekaterinoslavka,50.37,129.11,53.1,81,5,1.61,RU,1591991163
80,Lüderitz,-26.65,15.16,62.6,29,0,6.93,NA,1591991163
81,Longyearbyen,78.22,15.64,39.2,80,75,25.28,SJ,1591991016
82,Vanimo,-2.67,141.3,77.9,84,35,5.93,PG,1591990828
83,Cockburn Town,21.46,-71.14,82.4,74,40,8.05,TC,1591991164
84,Mpanda,-6.37,31.04,71.91,60,99,1.39,TZ,1591991164
85,Vila Franca do Campo,37.72,-25.43,66.2,77,40,11.41,PT,1591990817
86,Sananduva,-27.95,-51.81,70.61,84,0,6.76,BR,1591991164
87,Cotonou,6.37,2.42,80.6,74,20,9.17,BJ,1591991164
88,Sabha,27.04,14.43,97.03,11,0,13.27,LY,1591991164
89,Acarí,-15.43,-74.62,69.26,60,59,8.77,PE,1591991164
90,Bredasdorp,-34.53,20.04,53.6,66,53,8.16,ZA,1591991164
91,Kaeo,-35.1,173.78,44.01,99,63,5.01,NZ,1591991164
92,High Rock,26.62,-78.28,80.6,83,75,6.93,BS,1591991164
93,Hilo,19.73,-155.09,78.8,69,90,5.82,US,1591990946
94,Abu Samrah,35.3,37.18,67.59,62,0,20.69,SY,1591991164
95,Dikson,73.51,80.55,32.97,95,33,6.69,RU,1591991164
96,Busselton,-33.65,115.33,50.0,79,40,10.65,AU,1591991164
97,Kruisfontein,-34.0,24.73,49.1,59,0,9.19,ZA,1591991164
98,Riyadh,24.69,46.72,96.8,16,0,3.36,SA,1591990716
99,Bandarbeyla,9.49,50.81,82.24,69,97,31.85,SO,1591990838
100,Tahe,52.33,124.73,49.51,65,0,3.4,CN,1591991165
102,Scarborough,54.28,-0.4,53.01,96,100,1.01,GB,1591990870
104,Taltal,-25.4,-70.48,65.19,59,20,4.68,CL,1591991165
105,Talnakh,69.49,88.4,39.2,71,3,13.42,RU,1591991165
106,Port Hardy,50.7,-127.42,51.8,93,75,3.36,CA,1591990789
107,Khorixas,-20.37,14.97,58.06,35,0,14.7,NA,1591991165
108,Renigunta,13.65,79.52,81.61,61,90,3.29,IN,1591991165
109,Geraldton,-28.77,114.6,53.6,76,90,9.17,AU,1591991165
110,Manado,1.49,124.85,77.0,94,20,1.12,ID,1591991165
111,Province of Groningen,53.25,6.75,72.0,68,100,10.29,NL,1591991098
112,Bobrovka,54.05,61.75,65.79,76,88,6.78,RU,1591991166
113,Yar-Sale,66.83,70.83,42.85,64,30,15.08,RU,1591990831
114,Den Helder,52.96,4.76,66.99,77,75,12.75,NL,1591991166
115,Husavik,66.04,-17.34,59.0,51,20,19.46,IS,1591991166
116,Iranshahr,27.2,60.68,102.2,13,0,9.17,IR,1591991166
117,Hamilton,39.18,-84.53,84.99,26,40,11.41,US,1591991166
118,Ancud,-41.87,-73.82,48.0,70,20,8.05,CL,1591991166
119,Chake Chake,-5.25,39.77,75.87,80,0,10.02,TZ,1591991166
120,Aketi,2.74,23.78,73.04,87,14,1.25,CD,1591991166
121,Tonj,7.27,28.68,76.17,74,15,4.81,SS,1591991167
122,Carnarvon,-24.87,113.63,63.63,70,24,22.19,AU,1591991167
123,Severo-Kuril'sk,50.68,156.12,42.12,93,100,22.77,RU,1591991167
124,Nanzhou,29.36,112.4,77.54,96,100,7.23,CN,1591991167
125,Honolulu,21.31,-157.86,84.2,51,75,21.92,US,1591990882
126,Beloha,-25.17,45.05,61.88,87,0,2.19,MG,1591991167
127,Faanui,-16.48,-151.75,80.65,81,51,9.73,PF,1591991167
128,Hobart,-42.88,147.33,44.01,93,40,5.82,AU,1591990975
129,Port Keats,-14.25,129.55,71.74,58,0,7.67,AU,1591991167
130,Serebryanyy Bor,56.8,124.8,46.56,69,0,2.75,RU,1591991167
131,Srandakan,-7.94,110.25,73.58,89,39,3.94,ID,1591990847
132,Sitka,57.05,-135.33,55.4,76,75,4.7,US,1591991168
133,Bogandé,12.97,-0.14,89.83,48,100,11.21,BF,1591991168
134,Lorengau,-2.02,147.27,82.17,77,17,7.54,PG,1591991168
135,Chulym,55.1,80.96,62.29,79,22,10.89,RU,1591991168
136,Panglao,9.58,123.75,82.54,76,100,7.05,PH,1591991168
137,Chui,-33.7,-53.46,65.34,84,44,5.17,UY,1591991168
138,Qaanaaq,77.48,-69.36,35.2,86,29,3.04,GL,1591991168
139,Impfondo,1.64,18.07,72.61,92,9,3.02,CG,1591991168
140,Lebedinyy,58.52,125.52,49.87,63,4,5.26,RU,1591991168
142,Iralaya,15.0,-83.23,84.2,79,75,12.75,HN,1591991168
143,Klaksvík,62.23,-6.59,48.2,81,15,5.82,FO,1591990817
144,Lilongwe,-13.97,33.79,65.55,56,72,2.51,MW,1591991168
145,Touros,-5.2,-35.46,82.4,69,20,10.29,BR,1591991055
146,Sovetskaya Gavan',48.97,140.29,52.9,68,100,6.49,RU,1591991169
147,Labuan,5.28,115.24,80.6,94,75,6.67,MY,1591991156
148,Kumul,42.8,93.45,69.53,23,23,6.38,CN,1591991169
149,Menongue,-14.66,17.69,56.12,44,2,5.97,AO,1591991169
150,Banda Aceh,5.56,95.32,80.91,77,92,6.96,ID,1591990598
151,Khani,41.96,42.96,68.0,94,75,6.93,GE,1591991169
152,Micheweni,-4.97,39.83,76.93,79,0,11.74,TZ,1591991169
153,Nome,64.5,-165.41,39.2,93,90,5.82,US,1591990819
154,Vågåmo,61.88,9.1,62.15,48,14,8.43,NO,1591991169
155,Kharakvasla,18.43,73.77,75.92,81,100,3.2,IN,1591991169
156,Pochutla,15.74,-96.47,93.0,55,20,11.41,MX,1591991169
157,Chokurdakh,70.63,147.92,54.84,71,100,5.55,RU,1591991169
158,Palora,-1.7,-77.93,78.8,74,34,8.05,EC,1591991169
160,Comodoro Rivadavia,-45.87,-67.5,39.2,51,40,12.75,AR,1591990831
161,Zlobin,45.29,14.65,68.0,72,42,4.7,HR,1591990844
162,Lebu,-37.62,-73.65,51.75,70,26,9.04,CL,1591991170
163,Cap-aux-Meules,47.38,-61.86,57.2,93,90,17.22,CA,1591990824
164,Lavrentiya,65.58,-171.0,43.92,77,21,5.39,RU,1591991170
165,East London,-33.02,27.91,58.69,45,0,18.19,ZA,1591990828
166,Chicama,-7.84,-79.15,72.84,60,23,10.74,PE,1591991170
168,Avarua,-21.21,-159.78,75.2,64,44,6.93,CK,1591991170
169,San Jerónimo,-11.95,-75.28,63.45,38,32,2.64,PE,1591990825
170,Asău,46.43,26.4,66.0,79,89,3.98,RO,1591990839
171,Urusha,54.05,122.9,47.3,89,75,2.98,RU,1591991170
172,Enniskerry,53.19,-6.17,54.0,96,100,1.99,IE,1591991171
173,Lensk,60.73,114.93,48.87,90,98,11.16,RU,1591991171
174,Taoyuan,32.3,120.62,79.0,93,97,3.42,CN,1591991121
175,Saint Anthony,45.02,-93.22,77.0,46,20,10.29,US,1591990827
176,Dunedin,-45.87,170.5,45.0,74,0,6.69,NZ,1591990976
177,Kuzedeyevo,53.33,87.2,55.2,92,0,2.59,RU,1591991171
178,Nanortalik,60.14,-45.24,40.17,89,100,19.19,GL,1591991171
179,Kupang,-10.17,123.58,77.59,84,98,8.68,ID,1591991171
180,Port Hedland,-20.32,118.57,64.4,77,84,4.09,AU,1591990818
181,Guerrero Negro,27.98,-114.06,81.39,31,0,17.36,MX,1591990827
182,Ha Giang,22.83,104.98,80.02,81,100,1.83,VN,1591991171
185,Porto-Novo,6.5,2.6,80.6,74,20,9.17,BJ,1591990822
186,Kenmare,51.88,-9.58,58.91,84,68,5.86,IE,1591991171
187,Fonte Boa,-2.5,-66.27,82.53,70,59,3.91,BR,1591991171
188,Hofn,64.25,-15.21,50.0,87,75,17.22,IS,1591991171
189,Upernavik,72.79,-56.15,32.67,94,0,3.11,GL,1591991172
190,Bognor Regis,50.78,-0.68,62.01,95,69,10.38,GB,1591990874
191,Vila Velha,-20.33,-40.29,84.2,66,0,10.29,BR,1591991172
192,Coquimbo,-29.95,-71.34,66.2,48,0,10.29,CL,1591991172
193,Emerald,-23.53,148.17,62.6,93,90,4.7,AU,1591991172
194,Tasiilaq,65.61,-37.64,39.2,80,20,13.87,GL,1591991172
195,Yerbogachën,61.28,108.01,42.46,84,66,8.21,RU,1591990826
196,Torbat-e Jām,35.24,60.62,74.26,19,0,5.73,IR,1591991172
197,Thunder Bay,48.4,-89.32,59.0,38,75,8.05,CA,1591991114
198,Batagay,67.63,134.63,59.23,53,17,6.26,RU,1591991172
199,Thinadhoo,0.53,72.93,84.33,71,4,8.43,MV,1591990844
200,Los Llanos de Aridane,28.66,-17.92,71.6,64,20,6.93,ES,1591991172
201,Vila,42.03,-8.16,54.0,90,56,7.0,PT,1591991172
202,Kushiro,42.98,144.37,57.88,73,0,7.7,JP,1591991173
203,Chapais,49.78,-74.85,46.4,67,90,8.05,CA,1591991173
204,Nikolskoye,59.7,30.79,64.4,39,49,8.95,RU,1591991173
205,Igarka,67.47,86.58,40.44,72,0,8.9,RU,1591991173
206,Hithadhoo,-0.6,73.08,84.79,70,97,7.74,MV,1591991173
207,Nova Odesa,47.31,31.79,67.8,82,100,6.82,UA,1591991173
208,Inuvik,68.35,-133.72,68.0,22,40,10.29,CA,1591991173
209,Tautira,-17.73,-149.15,84.2,70,40,11.41,PF,1591991173
210,Ostrovnoy,68.05,39.51,47.03,72,99,8.7,RU,1591991173
211,Torbay,47.67,-52.73,69.8,37,40,13.87,CA,1591991085
212,Sanghar,26.05,68.95,89.6,70,2,16.11,PK,1591991173
213,Korla,41.76,86.15,71.91,22,73,13.51,CN,1591991173
214,Makkah al Mukarramah,21.43,39.83,90.03,33,0,4.54,SA,1591991003
215,Casper,42.87,-106.31,86.0,12,1,10.29,US,1591991136
216,Olafsvik,64.89,-23.71,41.68,91,100,17.34,IS,1591991174
217,Goderich,43.75,-81.72,54.0,74,0,9.06,CA,1591991174
218,Donegal,54.65,-8.12,62.6,67,100,11.41,IE,1591991174
219,Marsh Harbour,26.54,-77.06,79.34,75,45,15.26,BS,1591990831
220,Plainview,40.78,-73.47,84.99,32,1,5.82,US,1591991174
221,Altea,38.6,-0.05,75.0,56,28,5.93,ES,1591991174
222,Araceli,10.55,119.99,84.29,76,100,13.53,PH,1591991174
223,Juradó,7.11,-77.76,83.5,69,79,7.67,CO,1591991174
224,Ponta do Sol,32.67,-17.1,69.8,73,40,8.05,PT,1591990829
225,Martapura,-3.42,114.85,76.48,89,92,1.77,ID,1591991174
226,Huanren,41.26,125.37,57.52,91,1,2.89,CN,1591991174
227,Hongjiang,27.11,110.0,77.61,82,100,3.11,CN,1591991175
228,Kavaratti,10.57,72.64,85.1,75,100,17.45,IN,1591991115
229,Kavieng,-2.57,150.8,81.84,78,12,8.95,PG,1591991175
230,Nautanwa,27.43,83.42,85.78,67,33,8.97,IN,1591991175
231,Kiryat Gat,31.61,34.76,77.0,55,0,1.01,IL,1591990848
232,Zaysan,47.47,84.87,62.82,40,2,6.26,KZ,1591990842
233,Abu Kamal,34.45,40.92,79.68,27,0,18.63,SY,1591990846
234,Jiayuguan City,39.82,98.3,59.83,30,72,4.72,CN,1591991175
235,Pisco,-13.7,-76.22,68.0,77,0,10.29,PE,1591991109
236,Fare,-16.7,-151.02,81.75,79,55,11.83,PF,1591991175
237,Kapit,2.02,112.93,75.45,94,100,0.31,MY,1591991175
238,Kaduqli,11.02,29.72,87.3,46,9,2.37,SD,1591991176
239,Gazojak,41.19,61.4,85.57,13,0,8.52,TM,1591991176
240,Sisimiut,66.94,-53.67,46.0,53,23,10.0,GL,1591991176
241,Inírida,3.87,-67.92,84.49,77,59,1.25,CO,1591991176
242,Dukat,62.55,155.55,48.81,70,100,8.99,RU,1591991176
243,Laguna,38.42,-121.42,73.4,40,1,13.87,US,1591991115
244,Mount Isa,-20.73,139.5,51.8,76,0,3.24,AU,1591990942
245,Pingshan,22.99,114.71,78.26,87,81,3.06,CN,1591991176
246,Angoche,-16.23,39.91,73.02,74,0,5.93,MZ,1591991176
247,Murwāra,23.85,80.4,91.04,44,52,3.47,IN,1591991176
248,Bahile,10.0,118.79,79.65,84,97,6.91,PH,1591991176
249,Arvika,59.66,12.59,72.0,24,100,11.41,SE,1591991176
250,Gornyak,50.99,81.47,60.76,68,0,4.0,RU,1591991176
251,Beipiao,41.79,120.78,69.08,59,92,4.59,CN,1591991176
252,Chālūs,36.66,51.42,78.8,83,75,2.24,IR,1591991177
253,Blyth,55.13,-1.51,51.8,93,100,9.17,GB,1591991177
254,Puerto del Rosario,28.5,-13.86,73.4,53,20,18.34,ES,1591991177
255,La Palma,33.85,-118.05,80.01,50,1,5.82,US,1591991177
256,Tuatapere,-46.13,167.68,39.0,90,42,5.01,NZ,1591991177
257,Kulevcha,46.03,29.94,67.66,82,100,4.83,UA,1591991177
258,Cayenne,4.93,-52.33,86.0,70,20,10.29,GF,1591991177
259,Kargasok,59.06,80.86,60.8,89,95,8.97,RU,1591991177
260,Stephenville,32.22,-98.2,89.6,24,1,6.93,US,1591990938
261,Anadyr,64.75,177.48,55.4,47,20,13.42,RU,1591991177
262,Pevek,69.7,170.31,43.52,77,82,1.19,RU,1591991177
263,Mossamedes,-15.2,12.15,66.72,72,0,6.46,AO,1591991178
264,Kieta,-6.22,155.63,79.03,75,98,3.04,PG,1591990833
265,Karratha,-20.74,116.85,74.08,44,81,5.79,AU,1591991178
266,Bengkulu,-3.8,102.27,75.69,89,100,4.83,ID,1591991178
268,Margate,51.38,1.39,63.0,87,78,1.99,GB,1591991178
270,Potiskum,11.71,11.07,84.54,53,23,12.84,NG,1591991178
271,Labytnangi,66.66,66.42,43.57,68,76,13.15,RU,1591991178
272,Severnyy,50.68,36.55,73.4,60,0,6.71,RU,1591991178
273,Sakakah,29.97,40.21,84.2,12,0,11.41,SA,1591991178
274,Lagunas,-5.23,-75.68,94.1,38,11,1.5,PE,1591990846
275,Ust-Tsilma,65.44,52.15,38.41,84,53,6.8,RU,1591990820
276,Arosa,46.78,9.68,48.2,81,0,9.17,CH,1591991178
277,Baoro,5.67,15.97,68.63,91,98,2.15,CF,1591991179
278,New Norfolk,-42.78,147.06,43.0,88,99,2.19,AU,1591990813
282,Luís Correia,-2.88,-41.67,82.71,80,98,7.87,BR,1591991179
283,Saint-Leu,-21.15,55.28,71.6,60,75,5.82,RE,1591991179
284,Saint-Louis,16.33,-15.0,98.6,32,57,6.93,SN,1591991179
285,Uptar,59.75,150.92,45.54,85,98,3.87,RU,1591991179
286,Kanniyākumāri,8.08,77.57,80.92,79,100,14.81,IN,1591991180
287,Pirovskoye,57.63,92.27,59.07,90,56,9.01,RU,1591991180
288,Ji’an,27.12,114.98,76.68,84,16,7.11,CN,1591991180
289,Saint George,37.1,-113.58,99.0,8,1,6.93,US,1591990530
290,Kondinskoye,59.65,67.41,52.59,89,100,10.96,RU,1591991180
291,Laela,-8.57,32.05,59.16,68,3,5.14,TZ,1591991180
292,Ereymentau,51.62,73.1,65.79,59,0,9.48,KZ,1591991180
293,Yenagoa,4.92,6.26,75.42,96,100,3.29,NG,1591991180
294,Bay Roberts,47.6,-53.26,69.8,37,40,13.87,CA,1591991180
295,Viedma,-40.81,-63.0,52.11,47,11,17.05,AR,1591990814
296,Aklavik,68.22,-135.01,62.6,45,75,6.93,CA,1591991180
297,Santa Fe,-31.63,-60.7,69.01,64,99,5.01,AR,1591990958
298,Tashtyp,52.79,89.9,54.39,79,0,3.42,RU,1591991180
299,Dingle,11.0,122.67,77.2,84,90,1.88,PH,1591991181
300,Kongolo,-5.38,27.0,78.64,55,77,0.92,CD,1591991181
301,Coventry,52.41,-1.51,60.01,93,90,9.17,GB,1591991063
302,Mildura,-34.2,142.15,50.0,81,100,8.05,AU,1591991178
303,Fortuna,40.6,-124.16,63.0,87,75,12.75,US,1591991181
304,Porto Velho,-8.76,-63.9,87.8,66,40,1.12,BR,1591991181
305,Kloulklubed,7.04,134.26,84.36,73,100,11.05,PW,1591991181
306,Saint-Augustin,51.23,-58.65,57.81,82,100,24.4,CA,1591991181
307,Valparaíso,-33.04,-71.63,59.0,76,40,4.7,CL,1591991162
308,Hanover,52.37,9.73,75.2,68,20,5.82,DE,1591991181
309,Kholm,59.27,32.85,55.98,65,17,7.43,RU,1591991181
310,Christchurch,-43.53,172.63,28.4,92,0,3.85,NZ,1591991181
311,Lake Charles,30.21,-93.2,88.0,40,5,14.99,US,1591990967
312,Ewo,-0.87,14.82,75.38,82,37,3.24,CG,1591991182
313,Marzuq,14.4,46.47,86.9,28,98,4.45,YE,1591991182
314,Thompson,55.74,-97.86,59.0,33,75,8.05,CA,1591991182
315,Faya,18.39,42.45,73.4,73,0,2.68,SA,1591991182
316,Lauro Muller,-28.39,-49.4,75.33,63,76,1.25,BR,1591991182
317,Te Anau,-45.42,167.72,32.67,94,5,0.78,NZ,1591990820
318,Along,28.17,94.77,73.92,88,88,0.49,IN,1591991182
319,Iwanai,42.97,140.51,58.28,71,0,2.51,JP,1591991182
320,Avera,33.19,-82.53,87.8,45,1,9.17,US,1591991182
321,Port-Gentil,-0.72,8.78,75.2,88,40,10.29,GA,1591991182
322,Oudtshoorn,-33.59,22.2,50.0,71,0,9.17,ZA,1591991182
323,Sfântu Gheorghe,45.87,25.78,61.0,87,100,3.0,RO,1591990929
324,Igrim,63.19,64.42,46.0,91,100,8.3,RU,1591991183
325,Juneau,58.3,-134.42,62.6,55,90,11.41,US,1591990838
326,Kendari,-3.94,122.5,75.11,91,25,1.66,ID,1591991183
327,Quang Ngai,15.12,108.8,78.62,80,61,3.56,VN,1591991183
328,Saurimo,-9.66,20.39,65.34,33,0,5.26,AO,1591991183
329,Waingapu,-9.66,120.26,77.13,85,94,8.9,ID,1591990849
330,Ribeira Grande,38.52,-28.7,68.0,72,40,10.29,PT,1591990818
331,Mandan,46.83,-100.89,80.6,50,1,17.22,US,1591991183
332,Bira,49.0,132.47,51.06,76,0,3.0,RU,1591991183
333,Salalah,17.02,54.09,86.0,84,75,6.93,OM,1591991183
334,Kontagora,10.4,5.47,79.5,67,33,3.6,NG,1591991183
335,Kalabo,-14.97,22.68,60.91,38,13,9.15,ZM,1591991183
336,College,64.86,-147.8,66.99,59,75,4.7,US,1591991183
337,Vadsø,70.07,29.75,53.6,66,100,8.05,NO,1591991184
338,Baruun-Urt,46.68,113.28,54.46,83,100,10.0,MN,1591990834
341,Alofi,-19.06,-169.92,73.4,73,72,13.87,NU,1591991184
342,Manacapuru,-3.3,-60.62,82.4,74,75,4.7,BR,1591991184
343,Coyhaique,-45.58,-72.07,35.6,74,40,5.82,CL,1591991184
344,St. Marys,30.73,-81.55,89.01,79,1,14.99,US,1591991184
345,Pringsewu,-5.36,104.97,72.66,94,46,2.46,ID,1591991184
346,Mitú,1.2,-70.17,88.2,55,78,0.92,CO,1591991184
347,Apaseo el Alto,20.45,-100.62,68.0,68,75,10.29,MX,1591991184
349,Tazovsky,67.47,78.7,41.65,68,32,9.93,RU,1591991184
350,Kathu,7.92,98.33,82.4,74,20,9.17,TH,1591991184
351,Kristinehamn,59.31,14.11,72.0,24,56,11.41,SE,1591991184
352,Narsaq,60.92,-46.05,44.6,70,75,10.29,GL,1591991184
353,Chirongui,-12.93,45.15,77.0,78,84,5.82,YT,1591991184
354,Beidao,34.57,105.89,64.42,62,79,1.54,CN,1591991185
355,Norman Wells,65.28,-126.83,73.4,40,40,10.29,CA,1591990830
356,Panabá,21.28,-88.27,85.73,72,13,11.95,MX,1591991185
357,Udachny,66.42,112.4,44.6,93,90,6.71,RU,1591991185
358,Padang,-0.95,100.35,77.95,80,99,5.77,ID,1591991185
359,Ambon City,-3.7,128.18,81.0,94,66,5.1,ID,1591990824
360,Mangochi,-14.48,35.26,70.32,54,56,1.99,MW,1591991185
361,Nogales,31.31,-110.94,98.01,14,1,14.03,MX,1591991185
362,Ust'-Ishim,57.69,71.17,60.94,95,52,7.31,RU,1591991185
363,Valera,9.32,-70.6,81.36,66,60,2.06,VE,1591991185
364,Bukama,-9.2,25.85,72.3,43,0,2.89,CD,1591991185
365,Aykhal,66.0,111.5,44.6,93,90,6.71,RU,1591991185
366,Mount Gambier,-37.83,140.77,51.8,71,100,14.99,AU,1591990812
367,Chernyshevskiy,63.01,112.47,46.0,91,100,6.51,RU,1591991185
368,Kuytun,54.34,101.5,48.09,89,0,5.26,RU,1591991185
369,Ylivieska,64.08,24.55,59.0,58,30,3.0,FI,1591991185
370,Lovington,32.94,-103.35,90.0,12,5,14.99,US,1591991186
371,Birjand,32.87,59.22,69.8,15,0,4.7,IR,1591991186
372,Mahajanga,-15.72,46.32,77.0,57,20,5.82,MG,1591991186
373,Arauco,-37.25,-73.32,53.6,62,40,9.17,CL,1591991186
374,Rockingham,42.97,-71.1,84.99,29,0,3.0,US,1591991186
375,Panguna,-6.32,155.48,68.29,94,80,1.88,PG,1591990824
376,Santa Maria,-29.68,-53.81,72.9,85,88,5.44,BR,1591990846
377,Balkanabat,39.51,54.37,90.99,11,97,15.77,TM,1591991186
378,Moose Factory,51.26,-80.61,48.2,57,20,20.8,CA,1591990829
379,Tromsø,69.65,18.96,51.8,66,0,12.75,NO,1591991186
380,Kita,13.03,-9.49,95.09,33,59,6.15,ML,1591991186
381,Meridian,43.61,-116.39,86.0,24,1,4.7,US,1591990924
382,Hirara,24.8,125.28,82.99,87,1,17.58,JP,1591991186
383,Lakselv,70.05,24.97,55.4,54,100,24.16,NO,1591991186
384,Tiznit Province,29.58,-9.5,60.21,72,35,9.22,MA,1591991186
385,Yaan,7.38,8.57,76.6,88,100,10.42,NG,1591991186
386,Santa María del Oro,25.93,-105.37,81.43,36,99,11.45,MX,1591991187
387,Jalu,29.03,21.55,92.07,20,0,23.13,LY,1591991187
388,Palmas Bellas,9.23,-80.09,86.0,74,20,6.93,PA,1591991187
389,Ascension,30.22,-90.9,87.01,35,1,6.93,US,1591990843
390,São Filipe,14.9,-24.5,75.76,81,0,7.07,CV,1591990835
391,Isangel,-19.55,169.27,73.06,76,29,14.34,VU,1591991187
392,Puerto Madryn,-42.77,-65.04,40.1,88,100,29.19,AR,1591991052
393,Labuhan,-6.88,112.21,75.92,86,77,5.79,ID,1591991187
394,Pacific Grove,36.62,-121.92,66.99,59,1,11.41,US,1591990817
395,Rosetown,51.55,-108.0,75.99,46,7,14.0,CA,1591991187
396,Novyi Yarychiv,49.9,24.31,71.6,73,95,6.71,UA,1591991187
397,San Quintín,30.48,-115.95,72.95,56,0,15.32,MX,1591990829
398,Port Augusta,-32.5,137.77,60.8,38,100,18.34,AU,1591991187
399,Villa Rica,33.73,-84.92,84.0,54,51,10.29,US,1591991187
400,Kununurra,-15.77,128.73,62.6,44,0,6.69,AU,1591990816
401,San Patricio,19.22,-104.7,80.6,83,40,5.82,MX,1591990826
402,Tiksi,71.69,128.87,43.41,71,87,3.36,RU,1591991188
403,Saint Paul,44.94,-93.09,77.0,47,20,9.17,US,1591991053
404,Walvis Bay,-22.96,14.51,64.4,23,0,12.75,NA,1591990845
405,Ayan,56.45,138.17,41.29,97,100,14.5,RU,1591990850
406,Maniitsoq,65.42,-52.9,40.64,70,53,5.01,GL,1591991188
407,Houma,29.6,-90.72,84.99,39,1,14.99,US,1591991188
408,Cumana,10.46,-64.18,93.2,46,100,13.87,VE,1591991188
409,Saint-François,46.42,3.91,55.99,87,100,1.12,FR,1591991188
410,Winslow,35.02,-110.7,96.8,9,1,19.46,US,1591991188
411,Buala,-8.14,159.59,80.76,73,40,2.53,SB,1591991188
412,Gharo,24.74,67.59,87.8,66,75,6.93,PK,1591991188
413,General Roca,-39.03,-67.58,53.6,25,40,18.34,AR,1591991188
414,Alice Springs,-23.7,133.88,53.6,34,0,4.7,AU,1591990850
415,Wanaka,-44.7,169.15,28.0,78,0,1.99,NZ,1591990990
416,Mayor Pablo Lagerenza,-19.93,-60.77,91.98,34,33,16.31,PY,1591991188
417,Inhambane,-23.86,35.38,68.31,58,91,16.53,MZ,1591991188
418,Lahaina,20.88,-156.68,84.2,57,40,14.99,US,1591991188
419,Auburn,47.31,-122.23,57.0,93,90,10.29,US,1591990921
420,Kahului,20.89,-156.47,84.2,51,20,20.8,US,1591991189
421,Meulaboh,4.14,96.13,78.84,76,97,3.27,ID,1591991189
422,Sørland,67.67,12.69,57.2,50,0,10.29,NO,1591991189
423,Esperance,-33.87,121.9,46.4,93,75,11.41,AU,1591991189
424,Oistins,13.07,-59.53,86.0,70,40,14.99,BB,1591991189
425,Horsham,51.06,-0.33,61.0,93,40,6.93,GB,1591991189
426,Rawson,-43.3,-65.1,41.81,71,100,27.6,AR,1591991189
427,Nioro,13.35,-15.75,89.85,52,38,14.41,GM,1591991189
428,Sardārshahr,28.43,74.48,99.39,21,0,8.59,IN,1591991189
429,Kortkeros,61.81,51.58,46.4,65,3,4.47,RU,1591991189
430,Banbury,52.06,-1.34,61.0,92,86,11.41,GB,1591991189
431,Mezen',65.85,44.24,38.59,95,38,5.26,RU,1591991189
432,Tarko-Sale,64.92,77.78,50.0,78,100,13.06,RU,1591991190
433,Zogno,45.79,9.66,68.0,60,1,5.82,IT,1591991190
434,Rosarito,32.33,-117.03,73.99,60,5,17.22,MX,1591991190
435,Kennebunk,43.38,-70.54,82.4,37,1,14.99,US,1591991190
436,Kirakira,-10.45,161.92,80.31,81,97,5.48,SB,1591991190
437,Kalmar,56.66,16.36,60.8,72,37,10.29,SE,1591991190
438,Sittwe,20.15,92.9,83.26,84,100,10.29,MM,1591991190
439,Buchanan,5.88,-10.05,80.6,83,20,3.36,LR,1591991190
440,Broken Hill,-31.95,141.43,50.0,66,100,11.41,AU,1591990825
441,Mehrān,33.12,46.16,69.8,28,0,4.7,IR,1591991190
442,Port-Cartier,50.03,-66.87,64.4,55,40,9.17,CA,1591991190
443,Teya,60.38,92.63,56.68,92,99,4.52,RU,1591990837
445,Amarpur,25.03,86.9,83.37,80,99,7.65,IN,1591991191
446,Sidi Ali,36.1,0.42,66.33,75,0,13.44,DZ,1591991191
448,Pontianak,-0.03,109.33,76.71,94,54,3.91,ID,1591991191
449,Rūdsar,37.14,50.29,77.0,83,75,4.7,IR,1591991191
450,Dwārka,22.24,68.97,85.59,79,0,10.13,IN,1591991191
451,Samarai,-10.62,150.67,80.17,86,69,11.41,PG,1591991191
452,Abong Mbang,3.98,13.18,68.63,96,100,2.48,CM,1591991191
453,Mora,11.05,14.14,91.27,37,8,8.63,CM,1591991191
454,La Ronge,55.1,-105.28,57.2,58,20,16.11,CA,1591990830
455,Okhotsk,59.38,143.3,42.98,96,100,7.9,RU,1591991191
456,Poptún,16.33,-89.42,80.1,83,99,1.5,GT,1591991191
457,Constitución,-35.33,-72.42,54.57,67,0,8.81,CL,1591991192
458,Coari,-4.08,-63.14,84.06,72,27,3.51,BR,1591991192
459,Ihosy,-22.4,46.12,57.22,64,0,3.31,MG,1591991192
460,Killybegs,54.63,-8.45,62.6,67,100,11.41,IE,1591991192
461,Moerai,-22.43,-151.33,76.82,85,79,11.65,PF,1591991192
462,Manggar,-2.88,108.27,81.55,80,52,11.74,ID,1591991192
463,Lamar,33.67,-95.58,89.01,35,1,5.82,US,1591990826
464,Gimli,50.63,-96.99,64.99,36,3,4.43,CA,1591991192
465,Oktyabr'skiy,54.48,53.47,56.3,88,99,9.78,RU,1591991192
466,Zhangaözen,43.3,52.8,85.26,14,0,10.83,KZ,1591991192
468,Nouadhibou,20.93,-17.03,74.41,63,0,26.93,MR,1591991192
469,West Wendover,40.74,-114.07,91.4,5,1,16.11,US,1591991192
470,Cabedelo,-6.98,-34.83,82.4,69,20,12.75,BR,1591991157
471,Almoradí,38.11,-0.79,78.01,26,16,4.0,ES,1591991193
472,San Jose,37.34,-121.89,71.01,52,75,12.75,US,1591990899
473,Rāwah,34.48,41.91,81.93,20,0,11.97,IQ,1591991193
474,Yangi Marg`ilon,40.43,71.72,71.6,35,0,6.93,UZ,1591991193
475,Mastic Beach,40.77,-72.85,82.4,45,1,12.75,US,1591991193
476,Gardez,33.6,69.23,62.56,46,0,3.98,AF,1591991193
477,Khudumelapye,-23.88,24.75,39.99,56,0,8.05,BW,1591991193
478,Laas,46.62,10.7,53.6,76,20,3.96,IT,1591991193
479,Mareeba,-17.0,145.43,73.4,88,90,10.29,AU,1591991193
480,Provincia di Cagliari,39.24,9.09,71.6,88,7,8.05,IT,1591991193
481,Krasnovishersk,60.41,57.08,41.95,66,0,5.37,RU,1591991193
482,Paraíso,9.84,-83.87,78.8,69,75,9.17,CR,1591990826
483,Islamkot,24.7,70.18,86.86,65,52,11.59,PK,1591991194
484,Halifax,44.65,-63.57,66.99,76,100,13.27,CA,1591990846
485,Tiarei,-17.53,-149.33,84.2,70,40,11.41,PF,1591990966
486,Matara,5.95,80.54,79.14,87,1,10.02,LK,1591991194
487,Masvingo,-20.06,30.83,52.75,52,0,7.63,ZW,1591991194
488,Río Gallegos,-51.62,-69.22,37.4,64,40,20.8,AR,1591991194
489,Diapaga,12.07,1.79,87.6,45,81,4.59,BF,1591991194
490,Nosy Varika,-20.58,48.53,65.32,88,13,3.87,MG,1591991194
491,Gawler,-34.6,138.73,61.0,52,100,11.01,AU,1591991194
492,Broome,42.25,-75.83,73.0,43,40,13.87,US,1591991194
493,Verkhnevilyuysk,63.45,120.32,49.35,95,29,5.41,RU,1591991195
494,Churapcha,62.0,132.43,51.21,63,99,9.98,RU,1591991195
495,San Vicente,-26.62,-54.13,73.8,64,0,3.89,AR,1591991195
496,Goodlettsville,36.32,-86.71,87.8,27,40,14.99,US,1591991003
497,Teahupoo,-17.83,-149.27,84.2,70,40,11.41,PF,1591990847
499,Brazzaville,-4.27,15.28,77.0,83,5,5.82,CG,1591991195
500,Starkville,33.45,-88.82,86.0,34,1,10.29,US,1591991195
501,Golden,39.76,-105.22,90.0,16,20,3.36,US,1591991195
502,Buin,-33.73,-70.75,55.4,54,20,4.7,CL,1591991115
503,San Francisco,37.77,-122.42,69.01,67,75,16.11,US,1591990913
504,Lata,40.16,-8.33,63.0,77,21,4.61,PT,1591991195
505,Mingshui,36.72,117.5,75.0,73,51,1.01,CN,1591991195
506,El Alto,-4.27,-81.21,78.8,57,7,18.34,PE,1591991195
507,Araouane,18.9,-3.53,106.09,9,73,8.84,ML,1591991195
508,Sibu,2.3,111.82,78.8,94,75,3.36,MY,1591991196
509,Vanavara,60.34,102.28,46.15,78,93,3.62,RU,1591991196
510,Cairns,-16.92,145.77,73.4,88,90,10.29,AU,1591991120
511,Vangaindrano,-23.35,47.6,63.46,91,3,5.46,MG,1591991196
512,Kitimat,54.05,-128.65,53.6,81,90,2.24,CA,1591991156
513,Marneuli,41.48,44.81,73.4,49,40,18.34,GE,1591991196
514,Pāsighāt,28.07,95.33,77.04,86,69,2.24,IN,1591991196
515,Visnes,59.36,5.22,73.4,35,100,8.05,NO,1591991196
516,Dhadar,28.33,75.06,96.71,21,5,5.5,IN,1591991196
517,Lincoln,40.8,-96.67,89.6,35,1,11.41,US,1591990603
518,Arroyo de la Encomienda,41.61,-4.8,53.01,93,84,14.99,ES,1591990957
519,Belmonte,-15.86,-38.88,80.6,69,40,11.41,BR,1591990823
520,Māngrol,21.12,70.12,86.02,79,42,8.16,IN,1591991196
521,Wonthaggi,-38.6,145.59,42.01,91,100,7.7,AU,1591991196
522,Omboué,-1.57,9.26,73.72,84,35,9.15,GA,1591991196
523,Kulhudhuffushi,6.62,73.07,83.86,77,100,15.32,MV,1591991196
524,Worland,44.02,-107.96,91.4,9,1,9.17,US,1591991196
525,Mansehra,34.33,73.2,69.51,50,0,7.54,PK,1591991197
526,North Bend,43.41,-124.22,61.0,82,90,8.05,US,1591991197
527,Talara,-4.58,-81.27,78.8,57,1,18.34,PE,1591991197
528,Edéa,3.8,10.13,78.8,94,40,1.12,CM,1591991197
529,Brownfield,33.18,-102.27,93.2,14,90,19.46,US,1591991197
530,Port Moresby,-9.44,147.18,75.69,93,28,5.06,PG,1591990824
531,Puerto Rondón,6.28,-71.1,84.9,73,49,4.97,CO,1591991179
532,Raudeberg,61.99,5.14,68.0,57,2,8.66,NO,1591991197
533,Sioux Lookout,50.1,-91.92,55.4,50,75,6.93,CA,1591991068
534,Kushima,31.46,131.23,76.91,92,30,8.63,JP,1591991197
535,Quelimane,-17.88,36.89,69.84,86,0,5.1,MZ,1591990834
536,Adet,11.26,37.49,58.32,85,22,5.39,ET,1591991197
537,Puerto Padre,21.2,-76.6,80.6,94,75,9.17,CU,1591991197
538,Hualmay,-11.1,-77.61,67.69,69,10,12.01,PE,1591990840
539,Santa Margherita Ligure,44.33,9.21,66.0,99,10,7.0,IT,1591991198
540,Kayes,14.0,-11.0,90.0,43,71,10.31,ML,1591991198
541,Morgan City,29.7,-91.21,84.2,48,1,12.75,US,1591991198
542,Matamoros,25.53,-103.25,86.0,35,40,4.7,MX,1591991198
543,Banjar,-8.19,114.97,78.8,94,40,2.24,ID,1591991198
544,Myrtle Beach,33.69,-78.89,80.01,83,90,4.7,US,1591991011
545,Ilulissat,69.22,-51.1,37.4,74,20,8.05,GL,1591991198
546,Terrace,54.52,-128.6,53.6,81,90,2.24,CA,1591991125
547,Zapolyarnyy,69.42,30.81,53.6,58,100,9.17,RU,1591991198
548,Diego de Almagro,-26.37,-70.05,71.91,23,0,8.23,CL,1591991198
549,Morón,-34.65,-58.62,66.99,73,70,4.0,AR,1591990830
550,Brae,60.4,-1.35,53.6,87,26,11.41,GB,1591991198
551,Corinth,37.94,22.96,75.2,47,40,11.07,GR,1591991149
552,Parral,26.93,-105.67,83.37,29,47,14.74,MX,1591991198
553,Arcata,40.87,-124.08,60.01,93,90,11.41,US,1591991198
554,Linhares,-19.39,-40.07,77.79,68,16,4.29,BR,1591991199
555,Fairbanks,64.84,-147.72,66.99,55,90,3.36,US,1591991199
556,Acapulco de Juárez,16.86,-99.89,87.8,66,20,12.75,MX,1591991199
557,Tiverton,50.9,-3.48,57.2,87,40,10.29,GB,1591991199
558,Tura,25.52,90.22,75.69,92,100,6.55,IN,1591991199
559,Satipo,-11.25,-74.64,86.9,44,56,2.82,PE,1591991199
560,Erenhot,43.65,111.98,61.2,38,75,14.67,CN,1591991199
561,Terney,45.05,136.61,58.05,73,60,6.02,RU,1591991199
562,Porto Walter,-8.27,-72.74,91.8,40,21,3.31,BR,1591991199
563,Madingou,-4.15,13.55,72.41,84,1,1.54,CG,1591991199
564,Vryburg,-26.96,24.73,35.53,74,0,7.16,ZA,1591991199
565,Gravdal,68.12,13.5,57.2,50,0,10.29,NO,1591991199
566,Alta Floresta,-9.88,-56.09,95.0,41,20,4.7,BR,1591991199
567,Popondetta,-8.75,148.25,74.28,79,0,2.93,PG,1591991199
568,Koumac,-20.57,164.28,70.47,81,98,4.9,NC,1591991199
569,Byron Bay,-28.65,153.62,60.8,93,90,6.93,AU,1591991200
570,São Sepé,-30.16,-53.57,70.23,93,99,5.1,BR,1591991200
571,Denpasar,-8.65,115.22,78.8,94,40,2.24,ID,1591991105
572,Messina,38.19,15.55,71.6,73,5,3.36,IT,1591991200
573,Ucluelet,48.93,-125.55,59.0,82,75,11.41,CA,1591991018
574,Jega,12.22,4.38,91.44,43,6,7.9,NG,1591991200
575,Sète,43.4,3.7,68.0,93,75,26.4,FR,1591991200
576,Vestmannaeyjar,63.44,-20.27,49.33,91,100,24.2,IS,1591991200
577,Ulaangom,49.98,92.07,56.17,41,0,2.93,MN,1591991200
578,Tocache,-8.18,-76.51,87.35,51,26,3.2,PE,1591991200
579,Santa Marta,11.24,-74.2,87.8,70,75,6.93,CO,1591991133
580,Cidreira,-30.18,-50.21,67.84,90,50,7.54,BR,1591991063
581,Calama,-22.47,-68.93,66.2,24,90,18.34,CL,1591991200
582,Sarankhola,22.31,89.79,80.85,90,100,5.97,BD,1591991201
583,Caravelas,-17.71,-39.25,76.21,81,0,7.16,BR,1591990833
584,Pangnirtung,66.15,-65.71,37.4,86,75,9.17,CA,1591991201
585,Gōtsuchō,35.0,132.22,71.96,95,100,2.13,JP,1591991201
586,Samfya,-11.36,29.56,63.68,49,0,9.69,ZM,1591991201
588,Patti,31.28,74.86,86.0,54,40,1.54,IN,1591991201
589,Cruzeiro do Sul,-29.51,-51.99,75.47,80,10,2.66,BR,1591991145
590,Panzhihua,26.59,101.71,75.04,74,100,0.47,CN,1591991201
591,Champerico,14.3,-91.92,87.8,66,75,11.41,GT,1591991201
592,Tornio,65.85,24.15,59.0,62,33,3.36,FI,1591991201
593,Abu Dhabi,24.47,54.37,93.2,56,0,3.36,AE,1591991201
594,Nacala,-14.54,40.67,70.84,82,2,6.98,MZ,1591991201
595,Zhigansk,66.77,123.37,51.67,67,100,9.28,RU,1591991201
596,Harper,4.38,-7.72,78.26,85,76,10.94,LR,1591991202
597,Djambala,-2.54,14.75,68.81,90,0,3.36,CG,1591991202
598,Vardø,70.37,31.11,48.2,66,92,23.04,NO,1591991202
